accuracy,confusion_matrix,roc_auc,pr_auc,f1
0.9378036929057337,"[[89, 2, 12], [0, 218, 42], [3, 5, 658]]",0.9842097546042669,0.97458887091947,0.9222656139598367
