accuracy,confusion_matrix,roc_auc,pr_auc,f1
0.9436345966958212,"[[90, 2, 11], [0, 226, 34], [4, 7, 655]]",0.9894165857606322,0.9820369589253493,0.9286137630913962
