accuracy,confusion_matrix,roc_auc,pr_auc,f1
0.9387755102040817,"[[90, 1, 12], [1, 218, 41], [4, 4, 658]]",0.9848849028939184,0.9734500946404677,0.9224944064387088
