accuracy,confusion_matrix,roc_auc,pr_auc,f1
0.9426627793974732,"[[91, 0, 12], [1, 219, 40], [3, 3, 660]]",0.9838347089947996,0.9740600733539869,0.9286052088839218
