accuracy,confusion_matrix,roc_auc,pr_auc,f1
0.9446064139941691,"[[91, 0, 12], [0, 219, 41], [2, 2, 662]]",0.9856686352845627,0.976657390968985,0.9326333001206281
