accuracy,confusion_matrix,roc_auc,pr_auc,f1
0.9436345966958212,"[[91, 1, 11], [0, 220, 40], [3, 3, 660]]",0.9847566834012215,0.9752728106293365,0.9305181471997437
