accuracy,confusion_matrix,roc_auc,pr_auc,f1
0.7891156462585034,"[[1, 33, 69], [0, 177, 83], [0, 32, 634]]",0.6363189458994222,0.5114443790025032,0.5325627630046319
