accuracy,confusion_matrix,roc_auc,pr_auc,f1
0.9407191448007775,"[[91, 2, 10], [0, 219, 41], [3, 5, 658]]",0.9838202853099552,0.9740874517045826,0.9273944483374826
