accuracy,confusion_matrix,roc_auc,pr_auc,f1
0.6472303206997084,"[[0, 0, 103], [0, 0, 260], [0, 0, 666]]",0.5,0.3333333333333333,0.26194690265486725
